日期,功率因数均值,功率因数标准差,三相不平衡均值,三相不平衡标准差,电压均值,电压标准差,电流均值,电流方差,负载率均值,负载率标准差,线损
2017-07-01,98.44895833,2.157399804,0.952247917,0.068252794,230.8904594,16.07462766,4.739778169,5.5345058929999995,0.053898333,0.045092705999999996,0.16526217199999998
2017-07-02,96.565625,4.188049171,0.931028125,0.135512684,230.8003534,16.17509864,4.807815972,5.758509772000001,0.06289975,0.043012704000000006,0.188426907
2017-07-03,96.12604167,4.748601654,0.95904375,0.067790936,232.0746528,8.383313652,4.34035689,4.701021968,0.050084208,0.037059182,0.203077952
2017-07-04,97.803125,3.853906382,0.963996875,0.065316101,232.44652779999998,7.396075472000001,3.6936736110000004,4.563266706,0.048957521,0.037501519,0.167710508
2017-07-05,99.66875,0.61123381,0.956538542,0.060282395,233.3916667,6.218090766,3.5780138889999997,4.03299003,0.049148979,0.028504457,0.167248545
2017-07-06,98.66770833,2.032265505,0.948614583,0.055642267,232.1729167,5.806889093,3.007409722,4.486697885,0.040015208,0.039656105,0.193205502
2017-07-07,97.940625,3.133906578,0.923989583,0.094365474,232.44652779999998,6.92225089,3.386364583,4.862997645,0.04514525,0.036521173999999997,0.19612590800000002
2017-07-08,96.675,4.896618731,0.9167375,0.11476616699999999,232.90451389999998,6.092528476,3.6176180560000004,4.916233492,0.049367375,0.04082353,0.213330988
2017-07-09,97.53229167,3.390104927,0.904842708,0.10432056599999999,232.6409722,5.801722842999999,4.014809028,5.187720073,0.053797646,0.042950804,0.18874486199999999
2017-07-11,97.946875,2.518471474,0.9366395829999999,0.08827808,231.9871528,8.172205279,3.69140625,4.999408415,0.049130063,0.04048482,0.163481229
2017-07-12,98.34791667,2.563769164,0.8944,0.12542214,233.0888889,6.424206729,3.503059028,4.78343972,0.046564457999999996,0.034940401,0.152599119
2017-07-13,98.640625,3.144823065,0.941953125,0.10432278,232.11840279999998,7.89720249,4.249489583,5.504561648999999,0.058323812999999995,0.046176947,0.172623461
2017-07-14,99.21770833,1.244487411,0.936335417,0.10785514,231.91770830000002,7.386596271,4.07984375,4.497510417,0.054065625,0.031033347000000003,0.17729083699999998
2017-07-15,98.11666667,3.370140534,0.832001042,0.18541697399999998,232.8621528,6.173075911000001,3.067875,4.246729827,0.046629854000000005,0.038880386,0.24116387
2017-07-16,98.89583333,2.169385314,0.805791667,0.20155018600000002,233.1371528,6.727914606000001,6.61971875,7.996416328,0.046522333,0.036680723,0.195358877
2017-07-17,98.29583333,2.0566921590000002,0.9344479170000001,0.08640402300000001,232.3746528,6.494748136,3.874621528,4.625643173,0.048210438,0.034838402000000004,0.14081312199999999
2017-07-18,99.053125,1.499163178,0.884323958,0.13169961300000002,233.4371528,6.4335417889999995,3.127045139,3.57790495,0.04211525,0.02635303,0.19154982899999998
2017-07-19,96.93333333,5.580633676000001,0.912404167,0.12430811800000001,234.2246528,7.202322871000001,4.009229167,5.671506104,0.053950479,0.042748733,0.176116175
2017-07-20,96.98541667,3.596583424,0.912261458,0.125847785,232.5829861,6.789040042000001,4.504197917,5.070861811,0.060451604000000006,0.03981394,0.168755465
2017-07-21,97.17083333,3.117053786,0.930015625,0.116313399,232.5854167,7.525184278999999,4.647326389,5.910532443999999,0.060831479,0.045235379000000006,0.158866648
2017-07-22,95.71666667,5.49070553,0.9666072920000001,0.057798962,231.84305559999999,6.713855416,4.5365625,5.721760736,0.061119707999999995,0.043425152,0.137295691
2017-07-23,96.29479167,3.8544176439999998,0.9129135420000001,0.102102934,232.5076389,6.295259238,3.423704861,3.801009115,0.046070188,0.027013882000000003,0.140188716
2017-07-24,94.81041667,4.6683660410000005,0.913379167,0.14617133599999999,231.596875,6.718622334,3.806725694,4.764635311,0.050322520999999995,0.036629258,0.159318145
2017-07-25,97.375,3.6711998489999997,0.566427083,0.463501816,232.3954861,7.0852507529999995,2.87884375,6.941555499,0.036133979,0.05081437,0.19046251100000003
2017-07-26,98.45760870000001,2.72772535,0.410748913,0.4449224,233.13661969999998,5.874760755,4.51135,5.218876655,0.027118261,0.030866826,0.20158584899999998
2017-07-27,98.45344828,1.9096141080000002,0.849603448,0.144073945,230.7712,6.495768666,3.9220961539999997,4.412318421,0.066464103,0.030472204,0.21448173899999998
2017-07-28,97.809375,2.76710883,0.8624229170000001,0.165790949,230.43485919999998,6.720885278,3.9511199999999995,3.600949345,0.04397275,0.025165589,0.156354205
2017-07-29,96.81666667,4.505775615,0.796103125,0.200376373,229.7727642,5.909895078,3.01109375,3.6461636489999996,0.042697375,0.027407529,0.22932104899999997
2017-07-30,97.33125,3.369696837,0.852882292,0.148403835,228.9304,6.583278502000001,3.3855520830000003,3.204432728,0.042627417,0.024397734,0.203686111
2017-07-31,96.83854167,2.8907312289999996,0.835825,0.182548658,228.4552083,6.077123596,4.0492847219999994,4.379500707,0.056388938,0.035744894,0.22257479600000002
2017-08-01,95.29791667,4.870766948,0.896053125,0.132829331,227.34375,6.249719091,4.442208333,5.005689862,0.055456479,0.040754836,0.178461063
2017-08-02,96.57604167,3.549053418,0.901832292,0.111418468,228.05590279999998,6.887445797000001,3.855909722,5.448495891,0.050281854,0.04313538,0.20783848
2017-08-03,96.1875,5.361732657,0.878507292,0.122033363,229.04375,7.66454426,3.728684028,4.963178511000001,0.048125438,0.040443643,0.188449311
2017-08-04,97.346875,2.931046213,0.901367708,0.137671268,227.67847220000002,9.611803097000001,3.9340625,5.559590322000001,0.050792104000000005,0.043222878,0.177262263
2017-08-05,95.97291667,4.031916396000001,0.8988270829999999,0.10972444699999999,226.16689900000003,8.14006642,4.353482639,5.448095427,0.057928999999999994,0.045737322000000004,0.184997098
2017-08-06,96.91458333,3.623073602,0.90144375,0.102356636,230.68576389999998,9.120708967,3.8129097219999997,5.269260613,0.048179562999999995,0.037729172000000005,0.233865248
2017-08-07,98.64166667,2.207216699,0.897136458,0.093196275,228.78680559999998,7.984096576000001,3.425052083,4.888197062,0.046030042,0.033206062,0.203285792
2017-08-08,97.96352941,2.633577172,0.8817811759999999,0.133212293,228.96967510000002,8.676393399,3.495815789,4.943683938,0.049314165,0.043464533,0.240038132
2017-08-09,98.25473684,1.7955364790000001,0.890096842,0.099782299,229.2811847,9.952223571000001,4.092127273,4.508389692,0.051506105,0.030048912,0.21723341
2017-08-10,96.98333333,3.51039132,0.8834,0.14312735099999999,229.44801439999998,8.815938022000001,4.4994773519999995,5.2888584960000005,0.057257708,0.03977371,0.22904602300000002
2017-08-11,97.52604167,2.7149756289999996,0.873903125,0.136710406,228.8568841,9.302975392999999,5.002625,8.763124936,0.063437646,0.059869594000000005,0.36956236
2017-08-12,96.88854167,4.247152718,0.875586458,0.150008843,228.8770833,8.381582975,5.7842534720000005,11.01574049,0.073015146,0.08556744699999999,0.46027835899999997
2017-08-13,98.78854167,1.8845241330000002,0.907882292,0.12449842800000001,229.4451389,8.769306715,3.8631180560000002,5.8957274239999995,0.049248667,0.044542557,0.269276799
2017-08-14,98.13186813,2.2056311109999998,0.8897087909999999,0.132546321,227.35512369999998,13.92889059,3.4795611510000004,4.605586432,0.043886549000000004,0.032995911,0.218700475
2017-08-15,96.65520833,3.473616925,0.8907135420000001,0.10698943300000001,225.7680556,36.11997495,5.2130706710000005,7.898480392000001,0.049552063,0.043500145,0.45851228299999996
2017-08-16,97.40625,2.6936581580000003,0.876542708,0.094694616,214.37067140000002,32.04514299,3.6050729169999998,4.10202093,0.037978063,0.024165389,0.259699484
2017-08-17,97.58842105,2.3567981469999997,0.910657895,0.082800864,199.2531915,47.07822606,3.7793741260000004,4.868331028,0.041852716,0.037105518,0.25759493699999997
2017-08-18,98.12291667,2.5235341940000002,0.865794792,0.15469512800000002,198.125,67.08215579,6.978229167,8.184515093,0.042165583,0.029711971,0.179534692
2017-08-19,97.91875,3.220129154,0.851284375,0.13772702,191.6289199,73.61074688,3.5598576389999996,4.846409512,0.046417812999999995,0.036922736,0.197417665
2017-08-20,98.38125,2.351963386,0.870832292,0.142787532,200.20522649999998,61.54823559,3.556069444,3.8574141639999997,0.045227333,0.029753414,0.172900623
2017-08-21,99.14479167,1.3609027180000002,0.8686104170000001,0.129114179,228.0736111,8.355786303,6.319885417,6.575148035,0.047016271,0.040716389,0.202401978
2017-08-22,99.08854167,2.04658607,0.850278125,0.148906961,219.7517483,12.04711818,4.0864895830000005,4.5653280380000005,0.054987521,0.034877898,0.19296097899999998
2017-08-23,96.840625,5.1691306919999995,0.85956875,0.143982544,227.98611110000002,9.812018644,3.343836806,4.796765646,0.043026604,0.033498209,0.17722960199999999
2017-08-24,98.98541667,1.774235702,0.859940625,0.133955585,196.73263889999998,74.66189283,3.073628472,3.2526780539999995,0.032186417,0.02396482,0.261144883
2017-08-25,98.3,2.7030461210000003,0.878020833,0.117838254,165.18194440000002,96.43485254,1.694024306,2.005943221,0.017036042,0.01488294,0.501008065
2017-08-26,98.56170213,3.4641970110000004,0.8354851059999999,0.131681296,175.48671330000002,86.7428627,2.567883803,3.849213349,0.029800851,0.036170188,0.288668555
2017-08-27,99.12291667,1.4357401669999998,0.8602864579999999,0.156182775,215.00555559999998,21.87721982,3.6457916669999997,4.452448459,0.047596125,0.03565957,0.235751295
2017-08-28,99.07083333,1.6888677580000002,0.91908125,0.1207639,215.61188810000002,20.21815458,3.359646853,4.305743887,0.040876021,0.037412055,0.156563545
2017-08-29,99.22916667,1.541435794,0.921238542,0.134273746,231.40243059999997,6.160500379,4.01915625,4.512613993,0.048883479,0.032032245,0.143048352
2017-08-30,99.315625,1.218548327,0.918519792,0.148407418,231.23993059999998,5.948771698,3.622104167,4.866116405,0.047403938,0.039508657,0.150244965
2017-08-31,95.9125,8.930440102,0.918944792,0.135668654,231.6767361,6.37571187,3.5498090280000003,4.778320054,0.046791688,0.03585341,0.197340113
2017-09-01,95.98541667,7.376976842,0.933859375,0.11347479199999999,231.23263889999998,6.678914061,3.7465381939999998,5.419070838,0.04797275,0.04143189,0.16342193900000002
2017-09-02,99.203125,1.4705053780000001,0.893748958,0.14317745099999998,231.62083330000002,6.322780408,3.640892361,5.421558588,0.048657292000000005,0.041829239,0.152895361
2017-09-03,98.63958333,2.118985565,0.900602083,0.141420262,230.9135417,6.141467994,3.0061979169999997,4.18092533,0.039142875,0.034368515,0.162888329
2017-09-04,98.72395833,1.96159718,0.925914583,0.094062345,231.9361111,5.719522017,2.962048611,4.216902223,0.040279896,0.036287758999999996,0.15947192
2017-09-05,98.925,1.9836834419999998,0.929744792,0.11577168800000001,231.33993059999997,5.5284839439999995,5.373104167,5.122805893,0.042381563,0.035265158,0.14512999599999998
2017-09-06,98.196875,3.595264626,0.9249802079999999,0.122939079,232.17013889999998,5.170141033999999,3.04428125,4.329303228000001,0.039699771,0.036871854,0.135471204
2017-09-07,96.19473684,6.181353427,0.927269474,0.12517915400000001,231.7839721,4.979913056,2.912643357,4.157949383,0.038969979,0.032309548,0.140509796
2017-09-08,97.26354167,4.0661232510000005,0.896872917,0.13767319,232.4090278,5.3109741360000005,3.345138889,4.277174528,0.042281813,0.036174699,0.150679456
2017-09-09,97.68125,2.9864734110000004,0.879935417,0.130107063,232.2143357,4.764331058,3.359267361,4.2581403380000005,0.045127333,0.037107382,0.15270841300000002
2017-09-10,97.83229167,4.007687788999999,0.8770552079999999,0.14587250400000001,232.3125,4.927126938,3.264493056,4.481068592,0.043856729000000004,0.039367114,0.20838997899999998
2017-09-11,95.31875,8.290359769,0.896775,0.170748142,231.4278169,7.014263699,3.0055625,4.230574165,0.041634208,0.03880378,0.207629769
2017-09-12,95.18125,11.1769416,0.9336822920000001,0.104752842,229.55868059999997,6.262132197000001,3.858559028,4.856139798,0.050618167,0.043679517,0.159066808
2017-09-13,95.6625,6.390736297,0.906997917,0.161018766,233.4229167,6.258529942999999,3.6922881939999996,5.063304872,0.048669625,0.045645729,0.156520173
2017-09-14,96.85416667,5.098997382,0.932472917,0.150509619,232.42604169999998,5.385607971000001,3.449434028,4.769494906,0.045346146,0.042823976,0.155777946
2017-09-15,98.44583333,3.0394598160000004,0.9137875,0.156207164,232.88055559999998,5.0450990760000005,3.182677083,4.233969838,0.043359333,0.043040656,0.201700155
2017-09-16,97.31666667,6.139755469,0.8682875,0.1603361,232.4666667,5.344720916,3.229909722,4.569955962,0.043277167000000005,0.039130236,0.226452508
2017-09-17,98.39166667,2.696474035,0.8845229170000001,0.157770454,232.4604167,5.082639553,3.2037256939999996,4.109767812,0.042319813,0.03664801,0.193318395
2017-09-18,98.590625,2.225518578,0.86791875,0.153801354,231.2822917,5.891908201000001,3.1189861110000003,4.135743892,0.039516938,0.033988325,0.193526635
2017-09-19,97.865625,3.5010959039999996,0.789354167,0.18494444100000001,230.9663194,6.326422572,3.0257256939999997,4.333958326,0.039187479,0.038516157,0.197485367
2017-09-20,97.00625,4.313878101,0.80435625,0.180026191,231.5111111,5.449810281,3.177899306,4.476041225,0.042007792,0.038102787,0.200861394
2017-09-21,97.43645833,5.630980521000001,0.893994792,0.120796023,228.9086806,6.383515092000001,3.364975694,4.116885043,0.042676833,0.033403378,0.176613393
2017-09-22,94.08541667,11.93703951,0.9122552079999999,0.152269139,229.12326389999998,6.308540874,3.345084806,5.007447032,0.042666104,0.039720133,0.17239238399999998
2017-09-23,97.01041667,5.257761706,0.910755208,0.116823748,230.278125,9.505406391000001,2.966628472,3.9865821489999997,0.036923978999999996,0.035472246,0.231121281
2017-09-24,98.08791209,4.311722716,0.9602912090000001,0.10897696800000001,228.04947,6.969800434,2.833478417,4.268215512,0.035359253,0.035054416,0.161534447
2017-09-25,98.52777778,3.321847805,0.974348889,0.042790222999999995,232.2687943,8.667818811,6.479797101,6.999242086000001,0.042544867,0.042560664000000005,0.13601446
2017-09-26,98.01666667,3.5441461910000003,0.964023958,0.083322909,230.03129500000003,5.960299632000001,2.6776979169999997,4.17141662,0.03433575,0.037803916,0.145339282
2017-09-27,94.29479167,10.33353531,0.972380208,0.07866761900000001,229.8931159,6.991163397999999,3.479142361,5.052258773,0.044505833,0.04491129,0.1734
2017-09-28,97.91875,4.049853714,0.934717708,0.09208898199999999,230.6222222,6.527702127,3.1944479169999997,5.001593542,0.042250395999999996,0.041976568,0.215796897
2017-09-29,97.31875,4.366332187,0.9494604170000001,0.114283421,232.2017361,7.5131803470000005,3.428944444,5.663549188999999,0.045354313,0.04918873,0.175489626
2017-09-30,95.01666667,7.729969635,0.935516667,0.110495194,231.3427083,8.439129408,3.434090278,5.159936786,0.044765063,0.046307702,0.194523135
2017-10-01,98.44895833,2.7777386930000003,0.832679167,0.183884456,231.8607639,8.294808163999999,3.1019131939999998,4.770154421,0.041876979,0.040992099,0.198679472
2017-10-02,97.546875,4.613769092,0.896584375,0.12311953099999999,228.74618059999997,7.221465831000001,3.986038194,5.536398881,0.052091938,0.048315885999999995,0.187478676
2017-10-03,98.93125,2.796996622,0.922285417,0.108376896,230.4690972,5.929081741,4.045472222,5.0917631,0.053129833,0.045416279000000004,0.190782078
2017-10-04,98.875,1.8015040009999999,0.883077083,0.145797024,231.27951389999998,6.131501406,4.018416666999999,4.917075825,0.053773542,0.040304512,0.202340622
2017-10-05,99.43125,0.873845965,0.883258333,0.10164318800000001,231.0142361,6.3672097370000005,3.900197917,5.496746752999999,0.05004822900000001,0.048590127000000004,0.19352740300000001
2017-10-06,98.96041667,1.650472102,0.930865625,0.124288864,230.8986111,6.657086722000001,3.7147951389999996,4.973563708,0.046785375,0.039425605,0.18857660899999998
2017-10-07,98.4308642,3.356498836,0.899271605,0.154433261,231.40695970000002,5.7118271929999995,6.866155039,7.714232385,0.047596346,0.04781239599999999,0.223862239
2017-10-08,98.54375,2.3602088759999997,0.93338125,0.088585105,230.30833330000002,6.510909647999999,4.485637363,5.593111443,0.055394063,0.043393927,0.174720094
2017-10-09,98.84166667,2.127580133,0.970521875,0.043993433,229.9464286,6.767146588999999,4.085336806,5.272447713,0.050342604000000006,0.041298363,0.1762309
2017-10-10,99.13541667,1.5601802219999998,0.9563166670000001,0.090617503,230.8989583,5.883749302999999,6.9218402779999995,6.572198526,0.049602583,0.041875226,0.170269817
2017-10-11,98.65729167,2.09636316,0.965836458,0.07727764200000001,234.2586806,7.675533437,4.117534722,6.3692623070000005,0.054666708,0.057065227,0.19412398100000003
2017-10-12,99.24761905,1.130894735,0.99665,0.006685245,230.5898551,7.7446783020000005,3.486443182,5.52389719,0.045744952,0.042832007000000005,0.143889348
2017-10-13,98.31979167,3.325364009,0.990535417,0.058381311,230.1767361,6.90221234,3.481833333,5.653072881,0.044559042,0.045649537000000004,0.169155135
2017-10-14,98.67916667,2.6146588630000003,0.954754167,0.117950603,229.55434780000002,6.738700897999999,3.952898551,5.5435922920000005,0.052316271,0.049738145,0.184882199
2017-10-15,98.91354167,1.851441994,0.987598958,0.056315169000000005,229.115942,8.227567186,3.7034270830000002,5.952004951,0.046921082999999995,0.044649285999999996,0.16314040900000001
2017-10-16,98.99270833,2.148363951,0.981438542,0.051871868,230.3625,6.153452904,3.3751111110000003,4.875904585,0.043374958,0.043541124,0.174175306
2017-10-17,99.05416667,1.792514334,0.9594114579999999,0.074779665,230.7736111,6.683691658,3.601663194,5.573586893,0.048225854000000005,0.045118137999999995,0.1735
2017-10-18,99.24583333,1.4338116930000002,0.973173958,0.060313005,230.35277779999998,6.544903067999999,3.447642361,4.648266778,0.045346458,0.035852896,0.170047953
2017-10-19,99.0,1.788388474,0.978198958,0.053747277999999996,231.3833333,5.932853445,3.425965278,5.2297994569999995,0.043692125,0.044669772,0.129020194
2017-10-20,98.43645833,4.034748025,0.95584375,0.066334634,231.1944444,5.899891451,3.716125,5.919495317000001,0.048442313,0.047077528,0.145473758
2017-10-21,98.23125,3.277362777,0.910979167,0.116920825,230.6,5.5237178,3.358083333,5.1211227589999995,0.046761063,0.046658264000000005,0.178223185
2017-10-22,98.29479167,4.158659885,0.940365625,0.099506115,230.92743059999998,5.588937888999999,3.862083333,5.454363561,0.049384542000000003,0.04406475,0.16704918
2017-10-23,96.53958333,6.693318795,0.954179167,0.108900762,230.32986110000002,5.202571211,3.8990243060000003,4.968925625,0.05026875,0.040847066,0.15163649
2017-10-24,99.30625,1.4233039980000002,0.955151042,0.092608286,230.0309028,7.785120906,3.1078576389999997,4.906902061,0.040555479,0.035294563,0.144918821
2017-10-25,99.140625,1.513452051,0.948894792,0.073870484,227.0868056,6.434679765,3.785711806,5.85205577,0.050247208,0.050422847,0.16185359300000002
2017-10-26,99.1625,1.3422035680000002,0.96709375,0.0611356,232.95243059999999,5.4851372089999995,2.822475694,4.031872658999999,0.039187604,0.041117175,0.148553719
2017-10-27,97.94375,2.916969478,0.9728552079999999,0.064300632,230.10555559999997,5.73089553,3.259121528,5.074557026,0.042844707999999995,0.044305064000000005,0.149171271
2017-10-28,98.71041667,2.361870691,0.94395625,0.09085570400000001,230.5513889,5.839145747999999,3.54271875,4.850183343,0.047920625,0.043720916,0.153217391
2017-10-29,98.63191489,2.931095677,0.9689734040000001,0.049145854,230.6517483,5.666801285,3.894102113,5.210152106000001,0.05074817,0.037761159,0.174987477
2017-10-30,96.62604167,6.657361915,0.9853333329999999,0.06487912700000001,231.5420139,6.665219017999999,3.919350694,5.734002296,0.050522813,0.045064003,0.15839440400000002
2017-10-31,98.44166667,5.419134053,0.9683239579999999,0.065704453,230.82832169999998,5.943757551,3.906055944,5.246813138,0.051886958,0.03806644,0.141364572
2017-11-01,98.95684211,1.906755449,0.972713684,0.035322268999999996,231.26280699999998,6.572987186000001,3.144842105,4.766983516,0.041314316000000004,0.040278731,0.131815333
2017-11-02,99.02261905,1.956877444,0.979971429,0.071001223,233.24855069999998,6.953074968999999,3.346155303,5.073137937,0.045168143,0.040162176,0.118367347
2017-11-03,98.26875,3.452846425,0.951903125,0.140205473,230.96655049999998,6.760166917,3.563434028,4.978620806,0.04736322900000001,0.03846597,0.161032028
2017-11-04,98.47916667,2.484699708,0.918417708,0.122600164,233.4509091,7.842807306,3.6985615939999996,5.201644109,0.050546271,0.044485211,0.1795
2017-11-05,98.97708333,1.542824734,0.9120072920000001,0.119554829,234.8528986,8.230094053,3.512201389,4.708985458,0.044935583,0.042387579,0.16638529400000002
2017-11-06,96.33020833,6.258113397000001,0.985257292,0.038539908,233.8784722,8.622339873,3.8781944439999996,5.268956434,0.048364082999999995,0.04283880599999999,0.1260428
2017-11-07,98.78191489,2.1165489159999997,0.980604255,0.08218824,232.22622379999999,11.44935234,6.268028169,6.157682678,0.045675020999999996,0.042350125,0.124579125
2017-11-08,98.04895833,3.131093885,0.993316667,0.011135468999999999,233.87673610000002,8.975022077,3.6213811189999996,4.886851598,0.046412542,0.03804447,0.109830753
2017-11-09,99.01979167,1.954674941,0.981507292,0.072069679,232.22832169999998,9.92888359,5.75590625,5.569285527000001,0.041069896,0.044577417,0.126695001
2017-11-10,97.72916667,4.407070944,0.9615010420000001,0.07499787299999999,231.94755240000003,10.42686037,3.604552083,5.198998691,0.04794725,0.045849467000000005,0.140963015
2017-11-11,99.2875,1.8293469919999998,0.9346395829999999,0.110532466,233.65243059999997,7.929800136,3.998315972,5.291412712,0.056261,0.046237162000000005,0.212225377
2017-11-12,98.95625,2.021540898,0.962422917,0.076351512,233.33125,8.526999348,4.200913194,5.618308579,0.053628354,0.048025411,0.149477807
2017-11-14,96.09791667,6.638617752,0.960947917,0.07218169599999999,234.9555556,8.757102497,3.928548611,5.824363452999999,0.052333854000000006,0.054257335,
2017-11-15,98.40833333,3.200249556,0.978471875,0.043652237999999996,234.846875,8.804784287,3.817534722,5.5145927310000005,0.049552770999999995,0.043647538,0.149714669
2017-11-16,96.86875,5.505117174,0.9732833329999999,0.059009338,234.09791669999998,8.558965967999999,3.9027534719999997,5.55320218,0.051823021,0.047344519,0.157843613
2017-11-17,98.88854167,2.383400485,,,234.6319444,8.387140063,3.783020833,5.634330886,0.051610208,0.046652230999999995,0.215102238
2017-11-18,98.740625,2.417280588,,,234.6715278,8.940603876,4.0752569439999995,5.903646387999999,0.054453354,0.051474827,0.187097787
2017-11-19,97.62708333,5.410223331,0.950053125,0.072299561,230.22395830000002,9.118461258,4.172131944,5.8770742160000005,0.0561285,0.045988937,0.161319476
2017-11-20,98.921875,2.002196873,0.9214416670000001,0.117192231,233.69756940000002,8.699131562,3.8807326389999997,5.6720774920000006,0.051658833,0.04807995,0.21269268600000002
2017-11-21,97.49791667,5.056307512,0.934441667,0.09349631900000001,234.7798611,7.775134689,3.4609930560000004,4.727547229,0.045523479000000006,0.039132758,0.156491357
2017-11-22,98.0375,3.0185278560000004,0.893283333,0.150255515,234.8232639,8.802977347,3.592524306,4.960053515,0.0466425,0.044102873,0.24455551600000003
2017-11-23,98.20416667,4.203022638999999,0.905505208,0.135626313,233.6642361,7.724645271,3.0281284719999997,4.180180012,0.039310229,0.038573415,0.165280444
2017-11-24,98.125,2.46069096,0.8785666670000001,0.154948556,234.075,7.9232078239999995,3.9551111110000003,5.351893121,0.051085813,0.044229782999999995,0.190892287
2017-11-25,99.125,1.5303185940000001,0.865504167,0.16983824,233.2364583,7.587358636,4.583652778,5.9338776189999995,0.061172000000000004,0.051807331,0.21678224699999998
2017-11-26,98.565625,1.8756570030000002,0.846284375,0.104105978,234.3329861,8.425065247000001,4.228871528,5.480073495,0.056813145999999995,0.049443535999999996,0.22750326
2017-11-27,97.56875,3.8140177989999997,0.878365625,0.171968672,233.5753472,8.864386252000001,4.362256943999999,5.787335902000001,0.056579104000000005,0.049872880999999994,0.212329815
2017-11-28,98.4,2.914618328,0.748159375,0.255043246,233.6395833,8.666403992000001,3.86528125,5.209176223,0.051757437999999996,0.042818173,0.208629526
2017-11-29,96.64479167,6.794373742,0.799365625,0.212496646,228.709375,8.402782419,4.279996528,5.751797387000001,0.064672479,0.053998963,0.18580853600000002
2017-11-30,97.48541667,5.886690128,0.877682292,0.13829814699999998,228.2045139,8.998577073,4.911246528,6.272722556000001,0.054800395999999994,0.042609077999999995,0.174001248
2017-12-01,99.09583333,1.907764653,0.879865625,0.166606192,233.1777778,6.930607882,3.903940972,4.389164073,0.050819625,0.03469645,0.20300379600000001
2017-12-02,98.16979167,3.826909104,0.79978125,0.185003059,232.96458330000002,8.002681571,4.498621528,6.632106299999999,0.057662938,0.050512982000000005,0.315514409
2017-12-03,97.809375,3.3206449589999996,0.784853125,0.189004295,232.103125,7.050730653,3.82075,4.881207889,0.055997938,0.04490522,0.227027836
2017-12-04,99.15625,1.211645962,0.893710417,0.153979744,231.65694440000001,7.277525839,3.540815972,4.441366021,0.045534500000000006,0.033909577999999996,0.140190405
2017-12-05,98.621875,2.3629167680000003,0.982297917,0.035185227,230.8100694,7.382595147000001,3.943072917,6.072928824,0.051518457999999996,0.041990929,0.145551661
2017-12-06,97.940625,4.52989096,0.869421875,0.131729691,231.7201389,6.467714475,4.022607638999999,5.731524502,0.056574,0.043537284,0.263640677
2017-12-07,99.13229167,1.7224918230000001,0.821765625,0.128764879,232.19131940000003,6.701660319,6.680098246,5.769191886000001,0.047974583,0.030221752999999997,0.224126114
2017-12-08,98.45833333,2.986136951,0.782691667,0.187676237,231.71215279999998,6.802600469,4.112472222,5.987644947000001,0.051575625,0.042040145,0.252553088
2017-12-09,98.85833333,1.747418731,0.792946875,0.15789471800000002,231.2465278,6.566924837999999,4.546836806,6.414882905,0.061802167000000005,0.061584763,0.278776978
2017-12-10,98.12291667,4.6061209089999995,0.835346875,0.168950393,231.40069440000002,6.974158616,4.3045,5.608237342000001,0.056288270999999994,0.039867404,0.259236068
2017-12-11,98.05833333,2.632119974,0.76815,0.240340212,231.33854169999998,6.702337431,4.110868056,5.363212045,0.053433707999999996,0.04366644,0.260360963
2017-12-12,98.35625,2.380992987,0.779984375,0.21424652100000002,231.6215278,7.2003921879999995,3.316270833,4.698787913,0.043801208,0.037804352,0.258210423
2017-12-16,97.16354167,4.748752463,0.898885417,0.148816981,231.5215278,6.3282508470000005,5.7350476189999995,6.695904102999999,0.050178917,0.043295617,0.24944662
2017-12-13,98.35625,2.817978461,0.7650052079999999,0.230506082,230.9659722,7.261223717999999,3.8440520830000002,5.285827746,0.048783812999999995,0.038487899,0.288853447
2017-12-14,99.34270833,1.045401118,0.800011458,0.147762545,231.43680559999999,5.857933207,2.701899306,3.786900339,0.038037457999999996,0.028768867000000004,0.296171645
2017-12-15,98.81979167,1.590179484,0.8064083329999999,0.251992861,231.49340279999998,6.486518462,2.8301319439999997,4.271668902,0.038992167,0.033145232999999996,0.230172414
2017-12-17,98.25729167,4.296673733,0.725164583,0.18932576899999998,232.83819440000002,6.154086228,3.028951389,4.40375915,0.045012354000000004,0.040317179,0.375931232
2017-12-18,97.996875,4.244443748999999,0.823058333,0.18472756199999998,232.6805556,6.528716245,3.183420139,4.468626179,0.043085082999999996,0.034999164,0.260765071
2017-12-19,96.540625,6.777529942,0.912152083,0.132869812,231.4173611,6.45122006,3.611722222,5.445523376000001,0.042862770999999994,0.045333295999999995,0.223663826
2017-12-20,98.05416667,4.221322775,0.727685417,0.212315616,231.35277779999998,5.285514067,3.6451319439999996,4.750058738,0.047736667,0.040338006,0.26976513399999996
2017-12-21,98.15729167,3.625107607,0.704909375,0.236508534,231.76006940000002,5.65718901,3.502597222,4.405913443999999,0.043633063,0.036669398,0.26026863899999997
2017-12-22,98.93125,1.780760167,0.74379375,0.23223866699999998,231.6361111,6.749620473999999,4.275826389,5.204363987,0.056071625,0.047756955,0.254085956
2017-12-23,99.44166667,0.967779532,0.745263542,0.163398496,231.234375,6.675299017,3.923152778,5.0221604630000005,0.054259438,0.044836010999999995,0.26067559
2017-12-24,98.82604167,2.042835284,0.818105208,0.15775367,231.41006940000003,7.150495515,3.331736111,4.605527586,0.04776364599999999,0.040945207000000004,0.247846722
2017-12-25,96.44791667,7.533826208,0.906991667,0.120957864,230.7006944,7.042692198999999,3.077815972,3.889977069,0.037932562999999996,0.030425699,0.15379373
2017-12-26,98.64375,1.8134803380000002,0.829153125,0.201237902,230.8052083,6.932337215,3.652104167,5.122557615,0.046091188,0.041025472,0.175393154
2017-12-27,98.62083333,3.1169869489999997,0.912859375,0.14817882699999999,230.47777779999998,5.798616267000001,3.109434028,4.171242126,0.041552458,0.033139987,0.221302003
2017-12-28,98.94166667,1.6570346669999998,0.936126042,0.10982416800000001,227.9978873,9.394832774,3.632447917,3.787840485,0.043693083,0.030463169,0.152555301
2017-12-29,98.51875,2.6440307180000002,0.834383333,0.17740125399999998,230.24340279999998,6.638572957999999,3.4909375,4.041993253999999,0.045024417000000004,0.037205359,0.201113173
2017-12-30,99.42395833,0.7711929059999999,0.751015625,0.199983105,233.61493059999998,6.1726676320000005,3.462993056,4.03831316,0.044634771,0.036457118999999996,0.220876903
2017-12-31,98.76875,2.125260401,0.8570354170000001,0.118543643,231.43576389999998,5.947519801,3.638864583,5.140421364,0.04751285400000001,0.045814549,0.223834728
2018-01-01,98.840625,1.6935895140000001,0.711536458,0.234543702,231.7607639,5.843873404,3.5326875,4.582829787,0.048339688,0.03756605,0.235042002
2018-01-02,98.12916667,2.578554047,0.772938542,0.23088614,231.3940972,6.546510936000001,4.223871528,5.030007428999999,0.054074313,0.040351051,0.24114531600000003
2018-01-03,99.21875,1.261803645,0.739716667,0.169582087,231.5555556,5.8613526810000005,3.405659722,3.93030344,0.043616125,0.031886596,0.270931142
2018-01-04,99.40833333,1.038796045,0.752455208,0.16877019399999998,230.7329861,6.279081406,3.703083333,3.956506115,0.04622210400000001,0.033174565,0.263405797
2018-01-05,99.40416667,0.790558435,0.757696875,0.158582361,230.6319444,5.812595911,3.952472222,4.721821502,0.050041313,0.038842018,0.26668897399999997
2018-01-06,98.97708333,1.807535106,0.714583333,0.173445464,231.2378472,5.461728418,3.338055556,4.071451391,0.046017979,0.038689122,0.326002128
2018-01-07,99.20625,1.312822381,0.6964947920000001,0.21594454600000001,230.50555559999998,6.189291579,3.441934028,4.660453525,0.050488438,0.041068448,0.353666895
2018-01-08,99.20729167,1.128074022,0.743292708,0.17310126399999998,230.7010417,5.81995182,4.069166667,5.02318693,0.053227854000000005,0.046335848,0.274855627
2018-01-09,98.5625,2.063484613,0.752672917,0.1385575,230.4701389,5.6896724160000005,4.014777778,5.422437762,0.05271,0.050397754,0.284148536
2018-01-10,99.24479167,0.835771823,0.724382292,0.197962757,230.2527778,5.272569798999999,3.6661666669999997,4.320857227,0.050090042,0.037883448,0.282950223
2018-01-11,99.034375,1.182848621,0.704908333,0.237474506,230.1427083,5.1853776410000005,9.890013889,11.71154965,0.0550715,0.046588052000000005,0.28065930699999997
2018-01-12,98.43541667,2.000623818,0.75304375,0.194177615,230.87881940000003,5.163843583,7.505666667000001,10.41748538,0.049744125,0.043432936,0.28561828
2018-01-13,97.40625,5.076555847,0.736869792,0.23492168100000002,231.0315972,6.13723338,4.26559375,5.420206875,0.055662167,0.046401248,0.258258722
2018-01-14,98.28333333,3.033104387,0.9055395829999999,0.134013946,227.6503472,9.253783004,3.2791597219999997,4.908450221,0.042777875,0.039642021,0.222461358
2018-01-15,97.425,3.810703128,0.935516667,0.080356777,226.38506940000002,8.952565157999999,6.790725694,12.455376300000001,0.085474083,0.08772352300000001,0.617602581
2018-01-16,98.003125,2.777155811,0.897930208,0.16180673,232.6284722,6.360731997999999,3.7379756939999997,5.3545968880000006,0.045054354000000005,0.04714963,0.201726403
2018-01-17,98.009375,3.0651630639999996,0.884163542,0.13575832599999998,229.9173611,8.163024952,2.94140625,4.14721886,0.037814021,0.03239294,0.18130187899999997
2018-01-18,97.890625,2.9985440260000003,0.835433333,0.12145732199999999,234.0465278,8.87231112,3.3499340280000003,4.861101012,0.04363385400000001,0.043137735,0.256470588
2018-01-19,98.41770833,2.344408009,0.782836458,0.164018886,232.22916669999998,5.784520471,3.854371528,5.0268501510000005,0.050680167000000005,0.04214004,0.288904276
2018-01-20,98.88854167,1.443438443,0.72191875,0.208047802,232.3861111,5.9727286610000005,4.02740625,4.588637161,0.052251667,0.040806296,0.291792829
2018-01-21,98.08229167,3.008667853,0.7204135420000001,0.19790904399999998,232.10034720000002,6.851801762000001,4.157020833,5.615556281,0.052536520999999996,0.045512404000000006,0.237916395
2018-01-22,98.69479167,1.8642676059999999,0.810923958,0.201588082,231.4576389,6.640736864,3.358385417,4.987307669,0.046598688,0.042724938,0.23696512
2018-01-23,97.9375,3.130204,0.870104167,0.167853207,231.3354167,7.101187975,3.526690972,5.222283988,0.045539271,0.042085779000000004,0.22547974399999998
2018-01-24,98.11875,3.0416317060000004,0.8741875,0.093577701,227.30069440000003,10.89845489,3.028520833,4.073415778,0.036635604,0.032302753999999996,0.19961323600000003
2018-01-25,96.93333333,4.895228686,0.855633333,0.149221422,238.99583330000002,9.291392933,3.2009375,3.984409828,0.041827146,0.036904624,0.201831288
2018-01-26,98.565625,2.1411556519999997,0.876919792,0.15549027699999998,233.2357639,7.314887225,4.519291667,5.340805939,0.058831604,0.045245915,0.187983083
2018-01-27,98.33229167,2.496351287,0.897253125,0.11783073,235.5145833,6.370842531,3.1802013889999996,4.292244871,0.045552521,0.034388577999999996,0.216907675
2018-01-28,96.12083333,6.140913285,0.8410375,0.141697314,235.0020833,6.29385689,3.0007708330000002,4.252003918,0.040646833,0.040073724,0.226359833
2018-01-29,97.81770833,3.257011501,0.68945,0.228470774,232.784375,6.1940606879999995,3.082131944,4.2732777760000005,0.040911125,0.039089346000000004,0.301643437
2018-01-30,98.82083333,1.65547807,0.702716667,0.205902594,231.77604169999998,6.378905308999999,4.164784722,5.922642086000001,0.053488688,0.049917245,0.307896794
2018-01-31,97.95729167,2.786266349,0.7409520829999999,0.233951706,231.03541669999998,5.584669849,2.9773298610000003,4.360356777,0.042416167000000005,0.035496401000000004,0.10651731199999999
2018-02-01,98.27263158,2.389337812,0.698808421,0.212991555,231.2463415,5.755764769,3.3986877189999998,4.560100023,0.044103579000000004,0.038500692,0.12795125699999998
2018-02-02,98.0125,3.1619235310000002,0.737596875,0.20881736,230.9658537,5.829477347999999,4.016722222,5.273686442,0.051865083,0.045015621,0.1173383
2018-02-03,98.52708333,2.463122982,0.687252083,0.295859706,231.8052265,5.152071455,3.161329861,3.936264228,0.040916083,0.034302407,0.084728667
2018-02-04,97.44375,3.8595879660000003,0.897640625,0.121276889,232.63645830000002,6.509722213,3.4597777780000003,4.72342357,0.043066957999999995,0.037862173,0.09885014800000001
2018-02-05,97.26770833,4.335115694,0.843720833,0.145751663,231.8618056,6.589348481,3.917868056,5.177270246,0.0520195,0.041404397,0.09358953099999999
2018-02-06,99.26875,1.104848453,0.710264583,0.239133265,232.3013889,6.727844154,3.924298611,5.180657044,0.050658895999999995,0.040107274,0.09003863599999999
2018-02-07,98.59166667,2.1569493630000003,0.787416667,0.19068763800000002,233.28506940000003,6.775929056,3.822934028,4.4904643769999995,0.050241354,0.038673411,0.10464162699999999
2018-02-08,98.98333333,1.68730966,0.77871875,0.168620347,232.15208330000002,6.731053335,3.66446875,4.451716043999999,0.048063999999999996,0.035508107000000004,0.09039647599999999
2018-02-09,96.90416667,4.494114593,0.886835417,0.158210283,232.81666669999998,6.247688461,4.0297013889999995,5.112263668,0.052351895999999995,0.040057756,0.099162699
2018-02-10,98.87291667,2.283568076,0.87538125,0.14089072800000002,228.03506940000003,10.31585817,4.149225694,5.138580785,0.055277229000000004,0.043551680999999995,0.095064541
2018-02-11,98.859375,1.82023225,0.798767708,0.17589634,232.51875,8.452662046,3.5867326389999996,4.841414175,0.048983438,0.040086665,0.09324872199999999
2018-02-12,98.32916667,2.287097718,0.7659104170000001,0.186998692,229.34548610000002,12.86050615,4.810208333,5.3830210229999995,0.062063854,0.046673817,0.09099487699999999
2018-02-13,98.17604167,2.733501448,0.913379167,0.103014219,229.3045139,7.994243617,5.185621528,5.85000604,0.061417583,0.04508902099999999,0.10856600699999999
2018-02-14,98.33125,2.705638884,0.909596875,0.104896468,229.778125,7.132279952,4.4270972219999996,5.501301126,0.056807813,0.041872591,0.138250181
2018-02-15,99.00208333,1.9983836780000002,0.737979167,0.206364771,229.1395833,8.535161902999999,5.679121528,6.460620307,0.072471354,0.054191363,0.12476503800000001
2018-02-16,99.146875,2.473650858,0.847673958,0.126669679,230.40104169999998,7.690287364,5.130972222,5.83058684,0.068568604,0.045522186,0.128931946
2018-02-17,99.27083333,1.6844829,0.765786458,0.163154456,232.08333330000002,7.913481816,4.90975,5.436750942000001,0.061835042,0.043475459,0.100804215
2018-02-18,98.33645833,3.799180827,0.7638625,0.184667008,233.2454861,7.96620338,4.811795139,4.939925446,0.065514292,0.042240806,0.08764940199999999
2018-02-19,99.53333333,1.016290914,0.755488542,0.195981032,233.08854169999998,6.672219611,4.313055556,4.9513261989999995,0.058385979000000005,0.037077584,0.09200231800000001
2018-02-20,99.12604167,1.698114444,0.783130208,0.183387765,231.4642361,6.737447596,4.101181185,4.510860484,0.055197792,0.041060611000000004,0.086152458
2018-02-21,99.57263158,0.6211097210000001,0.751163158,0.186750711,232.25749130000003,7.0349553789999995,4.1328035089999995,4.486624946,0.052386042,0.041813067,0.080107019
2018-02-22,99.18421053,1.803757236,0.7900073679999999,0.159105573,231.187108,6.89517892,3.8589929819999997,5.001537051000001,0.056065032,0.041543076,0.083778422
2018-02-23,99.1125,1.232481406,0.797897917,0.163620072,230.84020980000003,6.93615933,3.353905923,4.390796984,0.056129125,0.04599860099999999,0.08852555599999999
2018-02-24,97.95957447,3.203134075,0.8219095740000001,0.201482816,231.7352113,7.251485493,4.850148936,6.09736814,0.062913702,0.042759371,0.10279494800000001
2018-02-25,97.72916667,3.7902538580000003,0.8082104170000001,0.20988028399999997,231.9076923,6.933218678999999,3.576895833,4.274787878,0.05000175,0.038169264,0.084289875
2018-02-26,96.871875,4.9664227389999995,0.904732292,0.125522002,231.86468530000002,7.267966242000001,3.614420139,4.508741008,0.046662708,0.033323381,0.10020003599999999
2018-02-27,96.78020833,5.037352558,0.8809104170000001,0.156706965,230.92708330000002,7.777556017,3.5936006939999996,5.400673314,0.047190438,0.038750154,0.09801085
2018-02-28,96.09270833,5.9915782,0.868734375,0.151453587,231.51145830000002,6.878042807999999,3.3392604169999998,3.998261308,0.04408225,0.030266442,0.096020093
2018-03-01,96.62291667,4.36636002,0.930086458,0.094088672,231.70868059999998,7.6541492689999995,4.314458333,4.614442179,0.053448917,0.03789406,0.089998435
2018-03-02,96.80625,5.245450658,0.86995625,0.160774682,231.3041667,7.417882625,4.007444444,4.819109824,0.05242925,0.045248696,0.086437671
2018-03-03,96.38854167,4.707902703999999,0.846247917,0.151823465,231.54270830000002,8.329199951,4.2929303139999995,4.477124901,0.052736354000000006,0.038548074,0.09449439999999999
2018-03-04,96.33333333,5.448368767000001,0.861859375,0.149617215,231.9684028,7.866159603,4.221097222,5.589843877000001,0.054839520999999995,0.047104928,0.093349984
2018-03-05,96.04,6.678723483,0.821692632,0.166971567,230.6623693,7.876599132999999,3.712356643,4.894378176,0.052387684000000004,0.042789525999999994,0.09458578
2018-03-06,98.728125,2.37915002,0.842635417,0.18517613600000002,232.1611111,7.2480036629999995,3.353541667,3.936073888,0.044108417000000004,0.033836187999999996,0.087719298
2018-03-07,98.96458333,1.5529527769999998,0.91053125,0.088827689,230.21637630000004,6.7193446439999995,2.772833333,3.906302338,0.037622938,0.033902938,0.093129423
2018-03-08,96.803125,3.9774220380000003,0.8862489579999999,0.114436063,230.80104530000003,6.827534356,3.795857639,4.572428532,0.050069833,0.038807283,0.080948349
2018-03-09,97.959375,2.74820313,0.9109875,0.14554693800000001,230.3534722,7.680977705,4.270107639,5.346270626,0.055149708,0.038564668999999996,0.10521701
2018-03-10,97.01875,5.233452344,0.8629625,0.174409968,231.2079861,7.064266404,4.375399306,4.978210153,0.05706775,0.041135811,0.19305889399999998
2018-03-11,95.31458333,5.526526546,0.90295,0.13883999,230.84895830000002,8.282867963,3.9940105630000002,5.644551397000001,0.054113354,0.041002783,0.10314769999999998
2018-03-12,93.30729167,6.97540687,0.923557292,0.129279071,230.528125,7.547562656,3.024371528,3.782282439,0.039548438,0.0285824,0.103148302
2018-03-13,96.40217391,4.393002793,0.93608913,0.10719779900000001,229.46091549999997,7.307977544,3.918168459,4.869066395,0.0502625,0.035920002,0.09852992599999999
2018-03-14,93.03958333,7.055279925,0.927044792,0.145559144,229.1954861,7.44407952,4.653118056,5.928518972000001,0.060006354000000005,0.041586648999999996,0.10817236300000001
2018-03-15,95.72315789,4.454434872,0.9424968420000001,0.098822694,229.12155479999998,8.16275228,4.989496503,6.256514542000001,0.06400212599999999,0.042864266,0.109878065
2018-03-16,96.94315789,4.148269205,0.9264252629999999,0.11771847699999999,229.34770319999996,6.960084584,3.4327017539999995,4.4219109119999995,0.044218716,0.029114756000000002,0.09509547
2018-03-17,96.49270833,3.82827324,0.914459375,0.092403482,229.69615380000002,7.359529707,3.3941736110000003,4.160686351,0.044148458,0.031929411,0.098064756
2018-03-18,96.00729167,4.9036178139999995,0.906501042,0.122566867,229.90664339999998,7.401241952,3.2597152780000003,4.726180829,0.043076687999999995,0.031983024,0.098114737
2018-03-19,96.615625,4.32050171,0.913183333,0.114600624,230.7222222,7.099559302,2.907826389,4.347685564,0.0365435,0.036596361,0.10332625599999999
2018-03-20,96.16979167,5.279266043,0.905116667,0.123170579,230.7635417,7.3368521829999995,3.18075,4.115094097,0.042052583,0.03490838,0.09029345400000001
2018-03-21,95.68333333,4.908319185,0.925138542,0.105020628,229.7840278,7.5697283010000005,3.57984375,4.507522647,0.047270729000000004,0.036868983,0.130426982
2018-03-22,96.05729167,5.241257498,0.92055,0.09437435300000001,230.0829861,7.531679997,3.5591770830000002,4.113958271,0.046135313,0.030627078,0.096681097
2018-03-23,96.50729167,3.8842696869999997,0.8866125,0.152903255,228.5947917,9.519031045,3.7708611110000003,4.906990596,0.049197792000000004,0.040743105,0.11476008
2018-03-24,95.53854167,4.955055705,0.889890625,0.161782398,228.4840278,9.959980081,4.344472222,5.00681602,0.055896417000000004,0.042559837999999996,0.09245451800000001
2018-03-26,94.85625,6.096597625,0.882403125,0.119351471,226.8590278,10.48158712,3.729052083,4.866707008000001,0.047874562999999995,0.03757972,0.104532164
2018-03-27,95.5625,4.975903584,0.911746591,0.120869412,227.1278571,9.649363916,3.641786765,4.128606592,0.046561159000000005,0.031641177,0.099901478
2018-03-28,95.11354167,5.313771804,0.899610417,0.126940739,227.5621528,8.66180502,3.162034722,3.8803419110000004,0.040280958,0.031393125,0.095141289
2018-03-29,93.4125,7.054863127999999,0.914238542,0.116297815,226.1434028,9.807378788,4.202229167,5.259881772,0.054323582999999995,0.042426757999999995,0.10150785
2018-03-30,92.953125,6.714116862000001,0.916590625,0.119544845,226.32430559999997,9.424964976,3.9715833330000003,4.65690907,0.05068360400000001,0.037872879,0.09965156800000001
2018-03-31,95.54166667,4.925246751,0.92931875,0.123615444,224.47048610000002,9.923999238,3.1314375,3.5444070260000005,0.042566604,0.027822566,0.096892886
2018-04-01,95.20833333,6.375141611,0.9621739579999999,0.089501644,224.2100694,10.58096771,3.305583333,4.374645218,0.04222975,0.032746397000000003,0.101223812
2018-04-02,96.55,4.998027389,0.937732813,0.117126576,227.5353846,8.609992956000001,2.952984375,4.106739138,0.03692805,0.032778841,0.124216063
2018-04-03,97.196875,5.053473499,0.98782,0.005839401,228.8241071,9.453856408,2.178931818,2.6837631859999997,0.02049525,0.017877482,0.101820491
2018-04-04,96.26354167,5.031569499,0.9627947920000001,0.060361963,226.4920139,7.937527697,3.476274306,4.29005176,0.043735708,0.032032471,0.11220086300000001
2018-04-05,97.75729167,3.5684889660000003,0.936373958,0.14253062,225.9613281,9.154615287,3.673743056,4.836363329,0.046908063,0.040394296,0.096540482
2018-04-06,98.815625,2.235570776,0.915858333,0.145356199,226.9238806,8.15163823,3.62171875,4.505847042,0.048020688,0.036116179,0.09848088
2018-04-07,97.48020833,2.4288465969999997,0.933367708,0.15522054400000002,226.9710526,9.161381797,3.8173854169999997,6.050218237999999,0.049303667,0.046892792999999995,0.20849956600000003
2018-04-08,95.73958333,5.132301286000001,0.925514583,0.093921108,227.1329861,8.872855107000001,2.968,4.05402518,0.037782104,0.02983971,0.09648311
2018-04-09,94.10416667,6.745583689,0.940633333,0.10753973800000001,227.69791669999998,9.078614743,3.351303887,3.96730227,0.041274604,0.027576081000000002,0.103361871
2018-04-10,98.24583333,2.9327502969999997,0.95395,0.126189951,225.928125,11.3796636,2.363618375,3.13019481,0.039016125,0.029868402999999998,0.099719404
2018-04-11,95.60421053,5.266656101000001,0.972473684,0.07896991099999999,226.06202090000002,12.66091079,3.480014035,4.261722924,0.044873642000000005,0.029533547,0.108758422
2018-04-12,96.0125,4.405353041000001,0.9563,0.061337222000000004,229.809375,7.521354942,2.7392430560000003,3.33211532,0.036082063,0.024048068,0.115702479
2018-04-13,96.54166667,3.8732433289999997,0.933640625,0.119013533,234.0107639,8.124469348,3.08746875,4.007125519,0.042013271,0.03304447,0.115502855
2018-04-14,96.2625,4.48781336,0.927234375,0.109086763,227.298951,11.26403548,2.8830381939999996,3.563407471,0.038248563,0.030426914,0.09294732300000001
2018-04-15,96.65833333,4.258170251,0.9648385420000001,0.069884271,232.9784722,9.687091663,3.168725694,4.215650381000001,0.041024582999999996,0.032159624,0.107099391
2018-04-16,97.39270833,3.485811861,0.959097917,0.121904427,227.9361111,9.280247925,3.137722222,4.111668812,0.04073925,0.031196689,0.11159477599999999
2018-04-17,94.56979167,5.843124874,0.94428125,0.135255124,228.6072917,9.684780924,3.062822917,3.73728209,0.039673292,0.028626352999999997,0.111793073
2018-04-18,94.2875,5.480158339,0.9602239579999999,0.086985625,231.92361110000002,9.73793403,3.904397213,4.675706751,0.051803313,0.033872845,0.110814864
2018-04-19,97.54767442,3.0395733610000004,0.967894186,0.07193677700000001,230.2384892,10.83826789,5.022073643,5.30191328,0.06645788400000001,0.034626378,0.110199462
2018-04-20,97.15789474,3.531380495,0.9749294740000001,0.057219284,229.1759582,10.77835037,3.7312342660000004,4.231029953999999,0.049257999999999996,0.029841597999999997,0.100632069
2018-04-21,94.690625,5.5934127579999995,0.950876042,0.07826751,229.08194440000003,11.79664296,3.400739583,4.177829673,0.043880813,0.031143346000000002,0.099152869
2018-04-22,94.3625,4.918910152,0.9535114579999999,0.10528239800000001,229.8533582,11.45490297,3.0325972219999997,3.696140057,0.039157625,0.029747687000000002,0.09736263699999999
2018-04-23,93.60104167,5.649253173,0.968966667,0.08289091400000001,229.84475519999998,10.10192932,3.1783576389999997,3.4937596839999996,0.040807917,0.026125607999999998,0.103698952
2018-04-24,93.90416667,5.845741267999999,0.97376875,0.043172904000000005,226.53645830000002,10.11188574,2.8615694439999997,3.651611851,0.037088563,0.025334676,0.105952381
2018-04-25,96.765625,4.31131815,0.977827083,0.049558878,226.8763889,9.096026957000001,3.1443055560000004,3.928712383,0.039987479,0.028575452,0.09795829699999999
2018-04-26,97.890625,2.7972858169999997,0.98456875,0.034958998,226.71944440000001,9.392966324,2.768211806,3.9637114860000002,0.035668354,0.030118322000000003,0.10571428599999999
2018-04-27,97.68645833,5.556914233,0.9673697920000001,0.08760159699999999,225.1548611,8.780386364,3.0068850169999997,4.201361105,0.038997667,0.034461303,0.100548061
2018-04-28,95.203125,7.122272184,0.946334375,0.132006497,226.58333330000002,6.989501055,3.317350694,4.079856952,0.043478375,0.032230122,0.094115355
2018-04-29,96.81578947,3.8503127910000003,0.9545757890000001,0.07036739,226.1101045,8.253083195,3.614101399,4.237889421,0.046660105,0.031602358,0.10112560300000001
2018-04-30,97.92604167,3.368798153,0.942705208,0.11035290099999999,223.6878049,9.651503704,3.6387986110000003,4.351582007,0.046191229,0.032268683,0.106988473
2018-05-01,97.67083333,4.172227539,0.963996875,0.082993093,226.82395830000002,7.556455272000001,3.612847222,4.869674977,0.046368917,0.038738786000000004,0.104080091
2018-05-02,97.09375,4.620173438999999,0.967753125,0.084096861,224.6452962,7.9434831070000005,3.537934028,4.743378717,0.045820792,0.039544366,0.121172517
2018-05-03,98.4375,2.710175655,0.987167708,0.028613492999999997,221.2607639,10.25922123,3.236243056,4.419939831000001,0.039872021,0.033787285,0.111567568
2018-05-04,98.25473684,2.4832393280000002,0.9326936840000001,0.13755452599999998,222.3261324,8.914783167000001,3.177505263,4.114618724,0.040009937,0.030695188999999998,0.110034323
2018-05-05,98.51770833,2.026336739,0.888779167,0.168105654,225.78194440000001,6.969523465,3.0762222219999997,4.2189132560000004,0.040807917,0.033363692,0.09883479
2018-05-06,98.76666667,1.636858441,0.972005208,0.057101232,229.3982639,9.451588846,2.921125,4.309826945,0.037631021,0.031678938,0.106107891
2018-05-07,96.33854167,5.642479689,0.956503125,0.078675338,227.48263889999998,8.6205329,2.446642361,3.643300706,0.03201525,0.025483888,0.10844003099999999
2018-05-08,97.92021277,2.84158256,0.89285,0.168911641,231.46241129999999,12.42087318,3.020730496,3.87664393,0.039566000000000004,0.02651109,0.10733099199999999
2018-05-09,99.23125,1.291826267,0.965397917,0.06658297,228.3909722,8.943424906,2.720673611,3.750733935,0.035979125,0.029997257000000003,0.102415235
2018-05-10,99.38125,0.94100041,0.974904167,0.047575800999999994,229.1607639,8.402191892000001,2.991822917,4.202883128,0.039953833,0.031612091,0.109574691
2018-05-11,99.26041667,1.2900645309999998,0.96800625,0.104219511,229.5830986,8.041800757,3.5911080139999996,4.725768901,0.047496937999999995,0.034017083,0.10180412400000001
2018-05-12,98.99791667,1.218860394,0.900959375,0.137723159,232.9378472,6.57219455,2.915291667,3.525724887,0.038663813,0.029126396000000002,0.097726279
2018-05-13,97.39894737,5.223801696000001,0.9339305259999999,0.136147411,233.6013937,5.756535277999999,3.4140909089999996,4.577544802,0.047405326,0.039781824,0.103166319
2018-05-14,95.57708333,6.295641336,0.958433333,0.09632854699999999,233.04166669999998,6.278407662999999,3.0544652780000003,4.271855896,0.041342458,0.033928439,0.118672548
2018-05-15,96.21875,4.985924198,0.936302083,0.095899254,232.9142361,6.158471929,3.48309375,4.063708526,0.043502042000000005,0.032517659,0.096499901
2018-05-16,95.62604167,4.484516064,0.907807292,0.11629966,232.4933566,5.49008559,3.12034375,4.064373003,0.041749104,0.03301588,0.097701149
2018-05-17,93.684375,6.359381654,0.9123927079999999,0.127696697,231.975,6.315891552999999,3.3664201389999997,3.939039081,0.044677729000000006,0.030864696,0.09042350199999999
2018-05-18,97.290625,3.913733249,0.9352177079999999,0.11163614300000001,232.31076389999998,6.183309926000001,3.031260417,3.7048601939999997,0.041201646,0.031003905,
2018-05-19,97.86875,3.041117958,0.909853125,0.11662607400000001,233.0420139,6.340369346,3.533791667,4.232058229,0.047126188,0.033529096,0.08973660300000001
2018-05-20,97.66195652,3.491475407,0.916581522,0.12484129199999999,231.2791519,7.125603811,2.59171223,3.420957498,0.03537163,0.026070441,0.101954962
2018-05-21,98.53645833,2.043746549,0.957903125,0.09862325699999999,232.35555559999997,5.902150947000001,3.119694444,3.951689521,0.041592563,0.029871371,0.81006685
2018-05-22,99.01382979,1.3423226190000002,0.9304670209999999,0.116472354,233.49790209999998,6.146281706,3.502,4.074707645,0.048873574,0.033679237,
2018-05-23,97.73020833,3.775693087,0.950996875,0.117396186,232.3960714,7.554777504,3.001954861,4.515618759,0.039221604,0.037301546,0.09752516800000001
2018-05-24,97.234375,3.519198184,0.945229167,0.106772252,232.140625,6.115546755,3.358536585,5.0631254089999995,0.044278292000000004,0.044365884,0.113435701
2018-05-25,97.05052632,2.616380533,0.973755789,0.062875419,229.2024735,11.77216701,10.85411189,13.45759512,0.092051326,0.0867269,
2018-05-26,98.346875,2.43639732,0.997074138,0.016123794,228.50079680000005,9.288599841,2.398994253,7.499517318,0.041261854,0.057502552,0.23621249
2018-05-27,97.81979167,3.18183712,0.925032292,0.128834532,231.9055147,7.335309882000001,3.2939479169999997,3.940238187,0.045321,0.030384558,0.116800598
2018-05-28,97.20833333,3.433464803,0.9215354170000001,0.130191613,229.790625,8.009951425,2.7306111110000004,3.3968544360000004,0.036970354,0.030492673999999997,0.167993117
2018-05-29,94.21354167,6.921172525,0.9449322920000001,0.114636925,231.9315972,6.435233545,3.1223368060000003,4.234774225,0.040092021,0.036132063,0.105480644
2018-05-30,96.40736842,3.8631386780000003,0.9222736840000001,0.147737346,231.30313590000003,6.342261102,3.056631579,3.894942936,0.039948611,0.032455992,0.202898551
2018-05-31,96.66458333,4.877627052,0.9215885420000001,0.147004079,232.0809028,5.543228152999999,3.564559028,4.870937871000001,0.046136625,0.044095981,0.100755204
2018-06-01,98.57291667,1.810356731,0.962603125,0.110258301,231.5947917,5.691533121,3.0189131939999996,3.9214835630000002,0.040206083,0.032609347000000004,
2018-06-02,96.67291667,5.100499958,0.937947917,0.115206692,231.6160279,5.757511764,3.719885417,5.072825885,0.052917479,0.039746386,0.10518444699999999
2018-06-03,96.62083333,4.137705601,0.9379229170000001,0.136013406,231.3159722,6.585998018,3.3489861110000003,4.2425348210000005,0.044646917,0.038742969,0.094453909
2018-06-04,96.81875,4.169814956000001,0.969804167,0.081151572,230.9399306,5.871278608,2.8280486110000003,3.9083150110000004,0.037033437999999995,0.035330862000000005,0.104715519
2018-06-05,92.76770833,5.406718327999999,0.9755166670000001,0.064120353,232.11979169999998,6.541007713,3.636628472,4.718364278,0.05051164599999999,0.046042175,0.18980322
2018-06-06,93.725,6.288680307000001,0.959141667,0.10482951800000001,231.81875,6.800403059,4.171920139,5.119429493999999,0.055882188,0.042277919000000004,0.129037442
2018-06-07,94.19895833,5.278898536,0.947714583,0.132235131,232.4423611,4.973828447,3.434239583,3.883849151,0.045757979000000004,0.029421291000000002,0.100264851
2018-06-08,95.33125,5.06732409,0.9639822920000001,0.09971696,235.4829861,9.453296499,3.387913194,4.25757613,0.044948958,0.035623299,
2018-06-09,95.63406593,5.224608293,0.941608791,0.12895988,229.0190813,8.261870561,4.039908425,4.8699914689999995,0.05415367,0.042111162,0.100341519
2018-06-10,94.63541667,4.403572867,0.947189583,0.135812351,230.54166669999998,7.8958278360000005,3.832684028,4.588756953,0.052411583,0.033497659,0.10198347099999999
2018-06-11,93.46354167,6.003785607999999,0.978107292,0.07636788900000001,232.4038194,6.573976947999999,4.194197916999999,5.276265468,0.055585583,0.041965262999999996,0.11966861
2018-06-12,92.434375,7.108267313,0.9710864579999999,0.08959113,232.23345319999996,6.675542951000001,4.262364583,5.03682583,0.057949104,0.042197674000000004,0.136806825
2018-06-13,93.5375,4.743180412,0.9673229170000001,0.112314971,232.76631940000001,6.911635544,4.766163194,5.772616375,0.06334425,0.045262077000000005,0.131222981
2018-06-14,95.53541667,4.35481006,0.95240625,0.106159003,231.0225694,7.376888482000001,4.434506944,5.180834534,0.060133313,0.04026845,0.106713781
2018-06-15,96.615625,4.8106073789999995,0.955667708,0.103821186,232.0489583,6.624811236,3.570232639,4.656136931,0.048279292,0.036226943,
2018-06-16,96.06666667,4.251486668,0.945661458,0.078297676,230.5854167,6.240642648,3.846743056,4.603282337,0.051646479,0.037988827,0.097782095
2018-06-17,94.58958333,4.866134656,0.922341667,0.110783336,229.4875,7.260431911,4.873611111000001,5.579601107999999,0.063963208,0.044607664000000005,0.116365569
2018-06-18,96.47708333,3.605651789,0.95371875,0.082327974,231.63645830000002,6.750680827,4.397034722,4.925910318,0.058583375,0.034933934,0.09168893300000001
2018-06-19,93.5,6.507143511000001,0.9515083329999999,0.078184084,232.1895833,7.017297267000001,3.513284722,4.048768454,0.047137792000000005,0.032180867,0.09801444
2018-06-20,96.56770833,4.088257952,0.9405083329999999,0.098777147,231.5512727,6.8348164979999995,3.533878472,4.697936086,0.047793395999999995,0.039454935,0.101650738
2018-06-21,95.82891566,6.646378307999999,0.949921687,0.078983903,232.3530909,6.293790554,4.097626506,5.23001825,0.054711398,0.040200912000000005,0.212966383
2018-06-22,97.04895833,3.497022388,0.9086375,0.147773079,232.3416667,6.650073099,4.053361111,5.056817958,0.054298979000000004,0.038600625,
2018-06-23,95.70895522,4.66935808,0.9247447759999999,0.11465788199999999,233.142471,6.805055133,4.422353234,5.567184866,0.058843075,0.046176164000000006,0.11354705300000001
2018-06-24,97.74791667,2.7563177110000003,0.95615625,0.079377787,232.1199187,6.645253945,4.050246528,5.256920611,0.054948417,0.041807258,0.108372093
2018-06-25,97.67708333,2.27053037,0.9798416670000001,0.061233620999999995,232.94270830000002,6.008565844,3.120822917,3.7408055030000003,0.042260625,0.028302774,0.106996687
2018-06-26,94.4625,4.399106207,0.966779167,0.085309022,232.62471040000003,7.1448233960000005,3.6161145830000003,4.43877245,0.047577562999999996,0.039320429,0.10441044099999999
2018-06-27,92.44791667,6.128094102,0.9694135420000001,0.089677353,232.1697917,6.963517826,3.3466770830000003,4.239775169,0.044979270999999994,0.03719285,0.102415459
2018-06-28,96.28645833,4.656908393999999,0.935194792,0.091057795,233.34305559999999,6.541912445,3.474871528,4.5531350669999995,0.046066667,0.039772313,0.421221865
2018-06-29,93.42291667,6.569761525,0.972263542,0.056359253,232.2583333,6.892387105,4.187461806,4.943897183,0.056514145999999994,0.037592099999999996,0.113028336
2018-06-30,93.87604167,6.016985416,0.9330135420000001,0.127673839,232.5291667,6.305623317,3.996951389,4.396446812,0.054669145999999995,0.038233076,0.10023678
2018-07-01,95.18020833,4.851151491,0.934840625,0.094386785,232.1274306,6.660729987000001,3.1956875,3.702777335,0.043178938,0.029567648999999998,0.09866063
2018-07-02,95.871875,4.249845662,0.916571875,0.11784280300000001,232.89444440000003,6.476145092,3.515583333,4.103341685,0.008219792,0.00428094,
2018-07-04,99.303125,1.05991874,0.920915625,0.11216036300000001,233.6347222,5.428472,3.676440972,4.775302961,0.049318521,0.040832887000000005,0.49781732700000003
2018-07-05,97.87916667,4.314073787,0.943145833,0.095421786,232.6114583,6.13846937,3.283211806,3.872335253,0.044148375,0.032890587,0.113912055
2018-07-06,95.88645833,6.455998822000001,0.97023125,0.07249471099999999,233.0552083,6.501044837999999,3.748517361,5.194483411,0.050920542,0.045267407,
2018-07-07,98.47604167,1.81019939,0.931509375,0.104324457,232.20625,6.044536316,3.853427083,4.306883368,0.047083292,0.03326892,0.088632679
2018-07-08,99.01979167,1.154756449,0.927197917,0.11169499,231.92708330000002,6.099353549,3.385489583,3.8257690380000002,0.045038625,0.029803068,0.095683453
2018-07-09,98.39789474,2.178603075,0.910925,0.167704026,231.2368056,14.90076548,3.539125,4.13456525,0.050398520999999995,0.037437034,0.097827946
2018-07-10,98.58645833,1.932756009,0.93149375,0.113778887,232.5767361,6.09833599,3.6178194439999998,3.864275231,0.048789125,0.033470299,0.10164271
2018-07-11,98.75416667,1.527724115,0.93535,0.089929884,233.1840278,5.666123297,4.047711806000001,4.879746048,0.054845396,0.039807866000000004,0.104710425
2018-07-12,97.69375,5.388525859,0.978784375,0.043061667000000005,230.39722220000002,20.18797065,3.582318182,6.071413709,0.047301833,0.046826754000000005,0.18496606899999998
2018-07-13,97.89479167,2.318376308,0.942109375,0.10152328599999999,232.13125,5.962439946,3.2561805560000003,4.379856215,0.043626125,0.036713009,0.099438653
2018-07-14,96.08723404,4.738507576,0.966758511,0.051658684,232.3487805,15.32441029,3.588521127,4.435614527,0.045972632,0.035168793,
2018-07-15,93.91145833,4.971667012,0.925597917,0.10660299699999999,232.8861111,6.988617841,3.557625,4.122069167,0.048672020999999996,0.031704932000000005,0.09720255
2018-07-16,94.83645833,5.168335479,0.9112041670000001,0.13557348800000002,232.4736111,6.9649218920000004,3.857232639,4.389332233,0.052576646,0.032948535,0.08715289400000001
2018-07-17,95.56770833,4.048675061,0.9081583329999999,0.10738441300000001,229.9513986,20.16105385,3.8609930560000003,4.259847531,0.052609979,0.033090549,0.09631351699999999
2018-07-18,94.403125,4.405286907,0.925942708,0.09139186199999999,232.91875,8.583304763,3.857604167,4.324987968,0.051919625,0.033666321,0.094477485
2018-07-19,93.284375,5.264253036,0.910669792,0.113062499,234.325,7.998029271,4.09884375,4.839901617,0.054887354000000006,0.041987435,0.09606445599999999
2018-07-20,94.14895833,4.483162825,0.930666667,0.095511156,233.0395833,5.712385651,3.7216006939999997,4.160660881,0.049426167,0.031959918999999996,
2018-07-21,91.06875,6.844254167000001,0.924501042,0.132600044,231.99097220000002,7.069819591,4.047201389,4.571255058999999,0.054159792000000005,0.034329174,0.101734104
2018-07-22,94.59270833,4.498222908,0.910153125,0.119942655,232.3340278,7.045838637999999,3.7975714289999996,3.818196912,0.049819625,0.028421681,0.09130580699999999
2018-07-23,95.72948718,3.238395811,0.833601205,0.280206189,228.604,31.61309082,2.877542169,3.119155315,0.038796337,0.024893693999999997,0.09463965099999999
2018-07-24,98.11702128,2.00311663,0.927527368,0.153386736,230.37569440000001,20.400554,3.622762238,4.453000005,0.050731495,0.038216001,0.089310109
2018-07-25,97.63333333,2.146492617,0.94635,0.07437498,231.0565972,6.779141687999999,3.589090278,4.182218889,0.04763372900000001,0.033453038,0.092970123
2018-07-26,95.70416667,3.90538935,0.918570833,0.092377964,221.2530534,44.58129946,4.944763889,6.0346904310000005,0.065812417,0.046005822,0.09550999199999999
2018-07-27,94.32916667,4.301475441,0.937228125,0.150677224,228.9989583,27.7744743,4.727079861,4.9546577869999995,0.063182938,0.037964154,
2018-07-28,95.46631579,4.029590825,0.961341667,0.120914389,229.6152778,15.29697601,5.442652777999999,5.60652746,0.072508979,0.041712782999999996,0.094283958
2018-07-29,93.57142857,4.677918334,0.964242391,0.119009444,229.70598590000003,20.81982565,4.65198913,5.525281859,0.06248163,0.042325533,0.11043206400000001
2018-07-30,92.95104167,4.90811392,0.965515625,0.056710132,228.6541667,7.925594746,3.709180556,3.526846626,0.048528354,0.025888763999999998,0.090459623
2018-07-31,92.65222222,5.753592651,0.9362186809999999,0.156656718,233.62579509999998,17.01570068,3.25132967,3.6756213460000002,0.04413578,0.028055516000000003,0.093834901
